--INSERCIONES--

--Tabla usuario--

INSERT INTO usuarios (id_usuario, nombre_usuario, apellido_usuario, correo_usuario, clave_usuario, fecha_registro) VALUES (1, 'Juan', 'Pérez', 'juan@example.com', '123abc', '2024-02-22 12:00:00');
INSERT INTO usuarios (id_usuario, nombre_usuario, apellido_usuario, correo_usuario, clave_usuario, fecha_registro) VALUES (2, 'María', 'González', 'maria@example.com', '456def', '2024-02-22 12:05:00');
INSERT INTO usuarios (id_usuario, nombre_usuario, apellido_usuario, correo_usuario, clave_usuario, fecha_registro) VALUES (3, 'Luis', 'Martínez', 'luis@example.com', '789ghi', '2024-02-22 12:10:00');
INSERT INTO usuarios (id_usuario, nombre_usuario, apellido_usuario, correo_usuario, clave_usuario, fecha_registro) VALUES (4, 'Ana', 'Rodríguez', 'ana@example.com', 'abc123', '2024-02-22 12:15:00');
INSERT INTO usuarios (id_usuario, nombre_usuario, apellido_usuario, correo_usuario, clave_usuario, fecha_registro) VALUES (5, 'Carlos', 'López', 'carlos@example.com', 'def456', '2024-02-22 12:20:00');
INSERT INTO usuarios (id_usuario, nombre_usuario, apellido_usuario, correo_usuario, clave_usuario, fecha_registro) VALUES (6, 'Laura', 'Hernández', 'laura@example.com', 'ghi789', '2024-02-22 12:25:00');
INSERT INTO usuarios (id_usuario, nombre_usuario, apellido_usuario, correo_usuario, clave_usuario, fecha_registro) VALUES (7, 'Pedro', 'Díaz', 'pedro@example.com', '123abc', '2024-02-22 12:30:00');
INSERT INTO usuarios (id_usuario, nombre_usuario, apellido_usuario, correo_usuario, clave_usuario, fecha_registro) VALUES (8, 'Sofía', 'Alvarez', 'sofia@example.com', '456def', '2024-02-22 12:35:00');
INSERT INTO usuarios (id_usuario, nombre_usuario, apellido_usuario, correo_usuario, clave_usuario, fecha_registro) VALUES (9, 'Diego', 'Gómez', 'diego@example.com', '789ghi', '2024-02-22 12:40:00');
INSERT INTO usuarios (id_usuario, nombre_usuario, apellido_usuario, correo_usuario, clave_usuario, fecha_registro) VALUES (10, 'Elena', 'Fernández', 'elena@example.com', 'abc123', '2024-02-22 12:45:00');
INSERT INTO usuarios (id_usuario, nombre_usuario, apellido_usuario, correo_usuario, clave_usuario, fecha_registro) VALUES (11, 'Javier', 'Sanchez', 'javier@example.com', 'def456', '2024-02-22 12:50:00');
INSERT INTO usuarios (id_usuario, nombre_usuario, apellido_usuario, correo_usuario, clave_usuario, fecha_registro) VALUES (12, 'Paula', 'Ramírez', 'paula@example.com', 'ghi789', '2024-02-22 12:55:00');
INSERT INTO usuarios (id_usuario, nombre_usuario, apellido_usuario, correo_usuario, clave_usuario, fecha_registro) VALUES (13, 'Miguel', 'Pérez', 'miguel@example.com', '123abc', '2024-02-22 13:00:00');
INSERT INTO usuarios (id_usuario, nombre_usuario, apellido_usuario, correo_usuario, clave_usuario, fecha_registro) VALUES (14, 'Isabel', 'García', 'isabel@example.com', '456def', '2024-02-22 13:05:00');
INSERT INTO usuarios (id_usuario, nombre_usuario, apellido_usuario, correo_usuario, clave_usuario, fecha_registro) VALUES (15, 'Antonio', 'Martín', 'antonio@example.com', '789ghi', '2024-02-22 13:10:00');
INSERT INTO usuarios (id_usuario, nombre_usuario, apellido_usuario, correo_usuario, clave_usuario, fecha_registro) VALUES (16, 'Carmen', 'López', 'carmen@example.com', 'abc123', '2024-02-22 13:15:00');
INSERT INTO usuarios (id_usuario, nombre_usuario, apellido_usuario, correo_usuario, clave_usuario, fecha_registro) VALUES (17, 'Manuel', 'Hernández', 'manuel@example.com', 'def456', '2024-02-22 13:20:00');
INSERT INTO usuarios (id_usuario, nombre_usuario, apellido_usuario, correo_usuario, clave_usuario, fecha_registro) VALUES (18, 'Raquel', 'Díaz', 'raquel@example.com', 'ghi789', '2024-02-22 13:25:00');
INSERT INTO usuarios (id_usuario, nombre_usuario, apellido_usuario, correo_usuario, clave_usuario, fecha_registro) VALUES (19, 'Fernando', 'Alvarez', 'fernando@example.com', '123abc', '2024-02-22 13:30:00');
INSERT INTO usuarios (id_usuario, nombre_usuario, apellido_usuario, correo_usuario, clave_usuario, fecha_registro) VALUES (20, 'Natalia', 'Gómez', 'natalia@example.com', '456def', '2024-02-22 13:35:00');
INSERT INTO usuarios (id_usuario, nombre_usuario, apellido_usuario, correo_usuario, clave_usuario, fecha_registro) VALUES (21, 'Gabriel', 'López', 'gabriel@example.com', 'abc123', '2024-02-22 13:40:00');
INSERT INTO usuarios (id_usuario, nombre_usuario, apellido_usuario, correo_usuario, clave_usuario, fecha_registro) VALUES (22, 'Alejandro', 'Martínez', 'alejandro@example.com', 'def456', '2024-02-22 13:45:00'); 
INSERT INTO usuarios (id_usuario, nombre_usuario, apellido_usuario, correo_usuario, clave_usuario, fecha_registro) VALUES (23, 'Sara', 'Fernández', 'sara@example.com', 'ghi789', '2024-02-22 13:50:00');
INSERT INTO usuarios (id_usuario, nombre_usuario, apellido_usuario, correo_usuario, clave_usuario, fecha_registro) VALUES (24, 'Daniel', 'González', 'daniel@example.com', 'abc123', '2024-02-22 13:55:00');
INSERT INTO usuarios (id_usuario, nombre_usuario, apellido_usuario, correo_usuario, clave_usuario, fecha_registro) VALUES (25, 'Eva', 'Díaz', 'eva@example.com', 'def456', '2024-02-22 14:00:00');


-- Tabla clientes--

INSERT INTO clientes (id_cliente, nombre_cliente, apellido_cliente, dui_cliente, correo_cliente, telefono_cliente, direccion_cliente, nacimiento_cliente, clave_cliente, estado_cliente, fecha_registro) VALUES (1, 'Juan', 'Pérez', '001234567-8', 'juan@example.com', '22222222', 'Calle 1, Ciudad', '1990-01-01', 'clave123', 1, '2024-02-22');
INSERT INTO clientes (id_cliente, nombre_cliente, apellido_cliente, dui_cliente, correo_cliente, telefono_cliente, direccion_cliente, nacimiento_cliente, clave_cliente, estado_cliente, fecha_registro) VALUES (2, 'María', 'González', '001234568-9', 'maria@example.com', '33333333', 'Avenida 2, Pueblo', '1995-05-10', 'clave456', 1, '2024-02-22');
INSERT INTO clientes (id_cliente, nombre_cliente, apellido_cliente, dui_cliente, correo_cliente, telefono_cliente, direccion_cliente, nacimiento_cliente, clave_cliente, estado_cliente, fecha_registro) VALUES (3, 'Pedro', 'Hernández', '001234569-0', 'pedro@example.com', '44444444', 'Carretera 3, Villa', '1988-12-15', 'clave789', 1, '2024-02-22');
INSERT INTO clientes (id_cliente, nombre_cliente, apellido_cliente, dui_cliente, correo_cliente, telefono_cliente, direccion_cliente, nacimiento_cliente, clave_cliente, estado_cliente, fecha_registro) VALUES (4, 'Ana', 'López', '001234570-1', 'ana@example.com', '55555555', 'Boulevard 4, Poblado', '1992-08-20', 'claveabc', 1, '2024-02-22');
INSERT INTO clientes (id_cliente, nombre_cliente, apellido_cliente, dui_cliente, correo_cliente, telefono_cliente, direccion_cliente, nacimiento_cliente, clave_cliente, estado_cliente, fecha_registro) VALUES (5, 'Carlos', 'Martínez', '001234571-2', 'carlos@example.com', '66666666', 'Plaza 5, Aldea', '1987-04-30', 'clavedef', 1, '2024-02-22');
INSERT INTO clientes (id_cliente, nombre_cliente, apellido_cliente, dui_cliente, correo_cliente, telefono_cliente, direccion_cliente, nacimiento_cliente, clave_cliente, estado_cliente, fecha_registro) VALUES (6, 'Laura', 'Díaz', '001234572-3', 'laura@example.com', '77777777', 'Calle Principal 6, Caserío', '1993-11-05', 'clave123abc', 1, '2024-02-22');
INSERT INTO clientes (id_cliente, nombre_cliente, apellido_cliente, dui_cliente, correo_cliente, telefono_cliente, direccion_cliente, nacimiento_cliente, clave_cliente, estado_cliente, fecha_registro) VALUES (7, 'Sofía', 'Ramírez', '001234573-4', 'sofia@example.com', '88888888', 'Avenida Central 7, Barrio', '1985-07-25', 'clave456def', 1, '2024-02-22');
INSERT INTO clientes (id_cliente, nombre_cliente, apellido_cliente, dui_cliente, correo_cliente, telefono_cliente, direccion_cliente, nacimiento_cliente, clave_cliente, estado_cliente, fecha_registro) VALUES (8, 'Diego', 'Gómez', '001234574-5', 'diego@example.com', '99999999', 'Callejón 8, Sector', '1997-02-15', 'clave789ghi', 1, '2024-02-22');
INSERT INTO clientes (id_cliente, nombre_cliente, apellido_cliente, dui_cliente, correo_cliente, telefono_cliente, direccion_cliente, nacimiento_cliente, clave_cliente, estado_cliente, fecha_registro) VALUES (9, 'Elena', 'Fernández', '001234575-6', 'elena@example.com', '1010101010', 'Calle de los Sueños 9, Colonia', '1990-09-10', 'claveabc123', 1, '2024-02-22');
INSERT INTO clientes (id_cliente, nombre_cliente, apellido_cliente, dui_cliente, correo_cliente, telefono_cliente, direccion_cliente, nacimiento_cliente, clave_cliente, estado_cliente, fecha_registro) VALUES (10, 'Andrés', 'Pérez', '001234576-7', 'andres@example.com', '1111111111', 'Calle de las Flores 10, Comunidad', '1988-03-20', 'clavedef456', 1, '2024-02-22');
INSERT INTO clientes (id_cliente, nombre_cliente, apellido_cliente, dui_cliente, correo_cliente, telefono_cliente, direccion_cliente, nacimiento_cliente, clave_cliente, estado_cliente, fecha_registro) VALUES (11, 'Valentina', 'Hernández', '001234577-8', 'valentina@example.com', '1212121212', 'Avenida de la Paz 11, Urbanización', '1995-12-12', 'claveghi789', 1, '2024-02-22');
INSERT INTO clientes (id_cliente, nombre_cliente, apellido_cliente, dui_cliente, correo_cliente, telefono_cliente, direccion_cliente, nacimiento_cliente, clave_cliente, estado_cliente, fecha_registro) VALUES (12, 'Martín', 'García', '001234578-9', 'martin@example.com', '1313131313', 'Calle del Sol 12, Barriada', '1992-06-18', 'clave123abc', 1, '2024-02-22');
INSERT INTO clientes (id_cliente, nombre_cliente, apellido_cliente, dui_cliente, correo_cliente, telefono_cliente, direccion_cliente, nacimiento_cliente, clave_cliente, estado_cliente, fecha_registro) VALUES (13, 'Ana', 'Martínez', '001234579-0', 'ana2@example.com', '1414141414', 'Calle del Río 13, Residencial', '1998-08-08', 'clave456def', 1, '2024-02-22');
INSERT INTO clientes (id_cliente, nombre_cliente, apellido_cliente, dui_cliente, correo_cliente, telefono_cliente, direccion_cliente, nacimiento_cliente, clave_cliente, estado_cliente, fecha_registro) VALUES (14, 'Lucas', 'López', '001234580-1', 'lucas@example.com', '1515151515', 'Avenida de los Ángeles 14, Zona', '1993-04-05', 'clave789ghi', 1, '2024-02-22');
INSERT INTO clientes (id_cliente, nombre_cliente, apellido_cliente, dui_cliente, correo_cliente, telefono_cliente, direccion_cliente, nacimiento_cliente, clave_cliente, estado_cliente, fecha_registro) VALUES (15, 'Valeria', 'Gómez', '001234581-2', 'valeria@example.com', '1616161616', 'Calle de la Luna 15, Conjunto', '1987-11-15', 'claveabc123', 1, '2024-02-22');
INSERT INTO clientes (id_cliente, nombre_cliente, apellido_cliente, dui_cliente, correo_cliente, telefono_cliente, direccion_cliente, nacimiento_cliente, clave_cliente, estado_cliente, fecha_registro) VALUES (16, 'David', 'Ramírez', '001234582-3', 'david@example.com', '1717171717', 'Calle de la Libertad 16, Unidad', '1996-02-28', 'clavedef456', 1, '2024-02-22');
INSERT INTO clientes (id_cliente, nombre_cliente, apellido_cliente, dui_cliente, correo_cliente, telefono_cliente, direccion_cliente, nacimiento_cliente, clave_cliente, estado_cliente, fecha_registro) VALUES (17, 'Camila', 'Pérez', '001234583-4', 'camila@example.com', '1818181818', 'Calle de los Amigos 17, Parcela', '1991-07-20', 'claveghi789', 1, '2024-02-22');
INSERT INTO clientes (id_cliente, nombre_cliente, apellido_cliente, dui_cliente, correo_cliente, telefono_cliente, direccion_cliente, nacimiento_cliente, clave_cliente, estado_cliente, fecha_registro) VALUES (18, 'Samuel', 'Hernández', '001234584-5', 'samuel@example.com', '1919191919', 'Calle de los Hermanos 18, Solar', '1989-03-10', 'clave123abc', 1, '2024-02-22');
INSERT INTO clientes (id_cliente, nombre_cliente, apellido_cliente, dui_cliente, correo_cliente, telefono_cliente, direccion_cliente, nacimiento_cliente, clave_cliente, estado_cliente, fecha_registro) VALUES (19, 'Natalia', 'González', '001234585-6', 'natalia@example.com', '2020202020', 'Calle de los Padres 19, Quinta', '1994-09-18', 'clave456def', 1, '2024-02-22');
INSERT INTO clientes (id_cliente, nombre_cliente, apellido_cliente, dui_cliente, correo_cliente, telefono_cliente, direccion_cliente, nacimiento_cliente, clave_cliente, estado_cliente, fecha_registro) VALUES (20, 'Sebastián', 'Martínez', '001234586-7', 'sebastian@example.com', '2121212121', 'Calle de las Madres 20, Edificio', '1986-05-25', 'clave789ghi', 1, '2024-02-22');
INSERT INTO clientes (id_cliente, nombre_cliente, apellido_cliente, dui_cliente, correo_cliente, telefono_cliente, direccion_cliente, nacimiento_cliente, clave_cliente, estado_cliente, fecha_registro) VALUES (21, 'Julia', 'López', '001234587-8', 'julia@example.com', '2222222222', 'Avenida de los Sueños 21, Lote', '1990-11-12', 'clave123abc', 1, '2024-02-22');
INSERT INTO clientes (id_cliente, nombre_cliente, apellido_cliente, dui_cliente, correo_cliente, telefono_cliente, direccion_cliente, nacimiento_cliente, clave_cliente, estado_cliente, fecha_registro) VALUES (22, 'Mateo', 'Gómez', '001234588-9', 'mateo@example.com', '3333333333', 'Calle de los Ángeles 22, Parcela', '1993-06-25', 'clave456def', 1, '2024-02-22');
INSERT INTO clientes (id_cliente, nombre_cliente, apellido_cliente, dui_cliente, correo_cliente, telefono_cliente, direccion_cliente, nacimiento_cliente, clave_cliente, estado_cliente, fecha_registro) VALUES (23, 'Mariana', 'Martínez', '001234589-0', 'mariana@example.com', '4444444444', 'Avenida de las Estrellas 23, Bloque', '1996-09-08', 'clave789ghi', 1, '2024-02-22');
INSERT INTO clientes (id_cliente, nombre_cliente, apellido_cliente, dui_cliente, correo_cliente, telefono_cliente, direccion_cliente, nacimiento_cliente, clave_cliente, estado_cliente, fecha_registro) VALUES (24, 'Lucía', 'Hernández', '001234590-1', 'lucia@example.com', '5555555555', 'Calle de las Flores 24, Torre', '1999-03-15', 'claveabc123', 1, '2024-02-22');
INSERT INTO clientes (id_cliente, nombre_cliente, apellido_cliente, dui_cliente, correo_cliente, telefono_cliente, direccion_cliente, nacimiento_cliente, clave_cliente, estado_cliente, fecha_registro) VALUES (25, 'Jorge', 'Ramírez', '001234591-2', 'jorge@example.com', '6666666666', 'Avenida de la Paz 25, Casa', '1988-08-28', 'clavedef456', 1, '2024-02-22');

--Tabla categoria --

INSERT INTO categorias (id_categoria, nombre_categoria, descripcion_categoria, imagen_categoria) VALUES (1, 'Electrónica', 'Productos electrónicos de última generación', 'electronica.jpg');
INSERT INTO categorias (id_categoria, nombre_categoria, descripcion_categoria, imagen_categoria) VALUES (2, 'Ropa', 'Moda para todas las edades y estilos', 'ropa.jpg');
INSERT INTO categorias (id_categoria, nombre_categoria, descripcion_categoria, imagen_categoria) VALUES (3, 'Hogar', 'Artículos para el hogar y decoración', 'hogar.jpg');
INSERT INTO categorias (id_categoria, nombre_categoria, descripcion_categoria, imagen_categoria) VALUES (4, 'Alimentación', 'Productos alimenticios frescos y de calidad', 'alimentacion.jpg');
INSERT INTO categorias (id_categoria, nombre_categoria, descripcion_categoria, imagen_categoria) VALUES (5, 'Belleza', 'Productos de belleza y cuidado personal', 'belleza.jpg');
INSERT INTO categorias (id_categoria, nombre_categoria, descripcion_categoria, imagen_categoria) VALUES (6, 'Deporte', 'Equipamiento y accesorios deportivos', 'deporte.jpg');
INSERT INTO categorias (id_categoria, nombre_categoria, descripcion_categoria, imagen_categoria) VALUES (7, 'Libros', 'Una amplia selección de libros de todos los géneros', 'libros.jpg');
INSERT INTO categorias (id_categoria, nombre_categoria, descripcion_categoria, imagen_categoria) VALUES (8, 'Juguetes', 'Diversión para todas las edades', 'juguetes.jpg');
INSERT INTO categorias (id_categoria, nombre_categoria, descripcion_categoria, imagen_categoria) VALUES (9, 'Electrodomésticos', 'Todo lo necesario para equipar tu hogar', 'electrodomesticos.jpg');
INSERT INTO categorias (id_categoria, nombre_categoria, descripcion_categoria, imagen_categoria) VALUES (10, 'Muebles', 'Mobiliario para todas las áreas de tu hogar', 'muebles.jpg');
INSERT INTO categorias (id_categoria, nombre_categoria, descripcion_categoria, imagen_categoria) VALUES (11, 'Calzado', 'Zapatos y zapatillas para toda la familia', 'calzado.jpg');
INSERT INTO categorias (id_categoria, nombre_categoria, descripcion_categoria, imagen_categoria) VALUES (12, 'Accesorios', 'Complementos para dar el toque final a tu look', 'accesorios.jpg');
INSERT INTO categorias (id_categoria, nombre_categoria, descripcion_categoria, imagen_categoria) VALUES (13, 'Viajes', 'Ofertas en viajes y experiencias inolvidables', 'viajes.jpg');
INSERT INTO categorias (id_categoria, nombre_categoria, descripcion_categoria, imagen_categoria) VALUES (14, 'Mascotas', 'Productos y accesorios para tus mascotas', 'mascotas.jpg');
INSERT INTO categorias (id_categoria, nombre_categoria, descripcion_categoria, imagen_categoria) VALUES (15, 'Herramientas', 'Herramientas para tus proyectos de bricolaje', 'herramientas.jpg');
INSERT INTO categorias (id_categoria, nombre_categoria, descripcion_categoria, imagen_categoria) VALUES (16, 'Salud', 'Productos para el cuidado de la salud y el bienestar', 'salud.jpg');
INSERT INTO categorias (id_categoria, nombre_categoria, descripcion_categoria, imagen_categoria) VALUES (17, 'Arte y Manualidades', 'Materiales para expresar tu creatividad', 'arte_manualidades.jpg');
INSERT INTO categorias (id_categoria, nombre_categoria, descripcion_categoria, imagen_categoria) VALUES (18, 'Tecnología', 'Lo último en gadgets y dispositivos tecnológicos', 'tecnologia.jpg');
INSERT INTO categorias (id_categoria, nombre_categoria, descripcion_categoria, imagen_categoria) VALUES (19, 'Instrumentos Musicales', 'Todo para los amantes de la música', 'instrumentos_musicales.jpg');
INSERT INTO categorias (id_categoria, nombre_categoria, descripcion_categoria, imagen_categoria) VALUES (20, 'Jardinería', 'Herramientas y productos para tu jardín', 'jardineria.jpg');
INSERT INTO categorias (id_categoria, nombre_categoria, descripcion_categoria, imagen_categoria) VALUES (21, 'Moda Infantil', 'Ropa y accesorios para los más pequeños', 'moda_infantil.jpg');
INSERT INTO categorias (id_categoria, nombre_categoria, descripcion_categoria, imagen_categoria) VALUES (22, 'Automóviles', 'Accesorios y productos para tu vehículo', 'automoviles.jpg');
INSERT INTO categorias (id_categoria, nombre_categoria, descripcion_categoria, imagen_categoria) VALUES (23, 'Fotografía', 'Cámaras, accesorios y equipos fotográficos', 'fotografia.jpg');
INSERT INTO categorias (id_categoria, nombre_categoria, descripcion_categoria, imagen_categoria) VALUES (24, 'Cosméticos', 'Productos de belleza y cuidado personal', 'cosmeticos.jpg');
INSERT INTO categorias (id_categoria, nombre_categoria, descripcion_categoria, imagen_categoria) VALUES (25, 'Bicicletas', 'Todo para los aficionados al ciclismo', 'bicicletas.jpg');

-- Tabla productos --

INSERT INTO productos (id_producto, nombre_producto, descripcion_producto, precio_producto, existencias_producto, imagen_producto, id_categoria, estado_producto, id_usuario) VALUES (1, 'Producto 1', 'Descripción del Producto 1', 10.99, 100, 'imagen1.jpg', 1, 1, 1),
INSERT INTO productos (id_producto, nombre_producto, descripcion_producto, precio_producto, existencias_producto, imagen_producto, id_categoria, estado_producto, id_usuario) VALUES(2, 'Producto 2', 'Descripción del Producto 2', 15.50, 150, 'imagen2.jpg', 2, 1, 2),
INSERT INTO productos (id_producto, nombre_producto, descripcion_producto, precio_producto, existencias_producto, imagen_producto, id_categoria, estado_producto, id_usuario) VALUES (3, 'Producto 3', 'Descripción del Producto 3', 20.75, 200, 'imagen3.jpg', 1, 1, 3),
INSERT INTO productos (id_producto, nombre_producto, descripcion_producto, precio_producto, existencias_producto, imagen_producto, id_categoria, estado_producto, id_usuario) VALUES (4, 'Producto 4', 'Descripción del Producto 4', 5.25, 50, 'imagen4.jpg', 3, 1, 1),
INSERT INTO productos (id_producto, nombre_producto, descripcion_producto, precio_producto, existencias_producto, imagen_producto, id_categoria, estado_producto, id_usuario) VALUES(5, 'Producto 5', 'Descripción del Producto 5', 8.99, 80, 'imagen5.jpg', 2, 1, 2),
INSERT INTO productos (id_producto, nombre_producto, descripcion_producto, precio_producto, existencias_producto, imagen_producto, id_categoria, estado_producto, id_usuario) VALUES (6, 'Producto 6', 'Descripción del Producto 6', 12.00, 120, 'imagen6.jpg', 1, 1, 3),
INSERT INTO productos (id_producto, nombre_producto, descripcion_producto, precio_producto, existencias_producto, imagen_producto, id_categoria, estado_producto, id_usuario) VALUES (7, 'Producto 7', 'Descripción del Producto 7', 30.50, 300, 'imagen7.jpg', 3, 1, 1),
INSERT INTO productos (id_producto, nombre_producto, descripcion_producto, precio_producto, existencias_producto, imagen_producto, id_categoria, estado_producto, id_usuario) VALUES (8, 'Producto 8', 'Descripción del Producto 8', 18.75, 180, 'imagen8.jpg', 2, 1, 2),
INSERT INTO productos (id_producto, nombre_producto, descripcion_producto, precio_producto, existencias_producto, imagen_producto, id_categoria, estado_producto, id_usuario) VALUES (9, 'Producto 9', 'Descripción del Producto 9', 22.99, 220, 'imagen9.jpg', 1, 1, 3),
INSERT INTO productos (id_producto, nombre_producto, descripcion_producto, precio_producto, existencias_producto, imagen_producto, id_categoria, estado_producto, id_usuario) VALUES (10, 'Producto 10', 'Descripción del Producto 10', 9.25, 90, 'imagen10.jpg', 3, 1, 1),
INSERT INTO productos (id_producto, nombre_producto, descripcion_producto, precio_producto, existencias_producto, imagen_producto, id_categoria, estado_producto, id_usuario) VALUES (11, 'Producto 11', 'Descripción del Producto 11', 14.50, 140, 'imagen11.jpg', 2, 1, 2),
INSERT INTO productos (id_producto, nombre_producto, descripcion_producto, precio_producto, existencias_producto, imagen_producto, id_categoria, estado_producto, id_usuario) VALUES (12, 'Producto 12', 'Descripción del Producto 12', 27.75, 270, 'imagen12.jpg', 1, 1, 3),
INSERT INTO productos (id_producto, nombre_producto, descripcion_producto, precio_producto, existencias_producto, imagen_producto, id_categoria, estado_producto, id_usuario) VALUES(13, 'Producto 13', 'Descripción del Producto 13', 6.25, 60, 'imagen13.jpg', 3, 1, 1),
INSERT INTO productos (id_producto, nombre_producto, descripcion_producto, precio_producto, existencias_producto, imagen_producto, id_categoria, estado_producto, id_usuario) VALUES (14, 'Producto 14', 'Descripción del Producto 14', 10.99, 100, 'imagen14.jpg', 2, 1, 2),
INSERT INTO productos (id_producto, nombre_producto, descripcion_producto, precio_producto, existencias_producto, imagen_producto, id_categoria, estado_producto, id_usuario) VALUES (15, 'Producto 15', 'Descripción del Producto 15', 18.00, 180, 'imagen15.jpg', 1, 1, 3),
INSERT INTO productos (id_producto, nombre_producto, descripcion_producto, precio_producto, existencias_producto, imagen_producto, id_categoria, estado_producto, id_usuario) VALUES (16, 'Producto 16', 'Descripción del Producto 16', 35.50, 350, 'imagen16.jpg', 3, 1, 1),
INSERT INTO productos (id_producto, nombre_producto, descripcion_producto, precio_producto, existencias_producto, imagen_producto, id_categoria, estado_producto, id_usuario) VALUES (17, 'Producto 17', 'Descripción del Producto 17', 21.75, 210, 'imagen17.jpg', 2, 1, 2),
INSERT INTO productos (id_producto, nombre_producto, descripcion_producto, precio_producto, existencias_producto, imagen_producto, id_categoria, estado_producto, id_usuario) VALUES (18, 'Producto 18', 'Descripción del Producto 18', 25.99, 250, 'imagen18.jpg', 1, 1, 3),
INSERT INTO productos (id_producto, nombre_producto, descripcion_producto, precio_producto, existencias_producto, imagen_producto, id_categoria, estado_producto, id_usuario) VALUES (19, 'Producto 19', 'Descripción del Producto 19', 7.25, 70, 'imagen19.jpg', 3, 1, 1),
INSERT INTO productos (id_producto, nombre_producto, descripcion_producto, precio_producto, existencias_producto, imagen_producto, id_categoria, estado_producto, id_usuario) VALUES(20, 'Producto 20', 'Descripción del Producto 20', 12.50, 125, 'imagen20.jpg', 2, 1, 2),
INSERT INTO productos (id_producto, nombre_producto, descripcion_producto, precio_producto, existencias_producto, imagen_producto, id_categoria, estado_producto, id_usuario) VALUES(21, 'Producto 21', 'Descripción del Producto 21', 30.75, 305, 'imagen21.jpg', 1, 1, 3),
INSERT INTO productos (id_producto, nombre_producto, descripcion_producto, precio_producto, existencias_producto, imagen_producto, id_categoria, estado_producto, id_usuario) VALUES(22, 'Producto 22', 'Descripción del Producto 22', 45.99, 450, 'imagen22.jpg', 3, 1, 1),
INSERT INTO productos (id_producto, nombre_producto, descripcion_producto, precio_producto, existencias_producto, imagen_producto, id_categoria, estado_producto, id_usuario) VALUES (23, 'Producto 23', 'Descripción del Producto 23', 11.25, 110, 'imagen23.jpg', 2, 1, 2),
INSERT INTO productos (id_producto, nombre_producto, descripcion_producto, precio_producto, existencias_producto, imagen_producto, id_categoria, estado_producto, id_usuario) VALUES (24, 'Producto 24', 'Descripción del Producto 24', 14.00, 140, 'imagen24.jpg', 1, 1, 3),
INSERT INTO productos (id_producto, nombre_producto, descripcion_producto, precio_producto, existencias_producto, imagen_producto, id_categoria, estado_producto, id_usuario) VALUES(25, 'Producto 25', 'Descripción del Producto 25', 19.50, 195, 'imagen25.jpg', 3, 1, 1);

-- Tabla Pedidos --


INSERT INTO pedidos (id_pedido, id_cliente, direccion_pedido, estado_pedido, fecha_registro) VALUES (1, 101, 'Calle Principal 123', 'Pendiente', '2024-03-07'),
INSERT INTO pedidos (id_pedido, id_cliente, direccion_pedido, estado_pedido, fecha_registro) VALUES 2, 102, 'Avenida Central 456', 'Finalizado', '2024-03-07'),
INSERT INTO pedidos (id_pedido, id_cliente, direccion_pedido, estado_pedido, fecha_registro) VALUES (3, 103, 'Calle Secundaria 789', 'Entregado', '2024-03-07'),
INSERT INTO pedidos (id_pedido, id_cliente, direccion_pedido, estado_pedido, fecha_registro) VALUES (4, 104, 'Avenida Norte 321', 'Anulado', '2024-03-07'),
INSERT INTO pedidos (id_pedido, id_cliente, direccion_pedido, estado_pedido, fecha_registro) VALUES (5, 105, 'Calle Este 654', 'Pendiente', '2024-03-07'),
INSERT INTO pedidos (id_pedido, id_cliente, direccion_pedido, estado_pedido, fecha_registro) VALUES (6, 106, 'Avenida Oeste 987', 'Finalizado', '2024-03-07'),
INSERT INTO pedidos (id_pedido, id_cliente, direccion_pedido, estado_pedido, fecha_registro) VALUES (7, 107, 'Calle Central 111', 'Entregado', '2024-03-07'),
INSERT INTO pedidos (id_pedido, id_cliente, direccion_pedido, estado_pedido, fecha_registro) VALUES (8, 108, 'Avenida Principal 222', 'Pendiente', '2024-03-07'),
INSERT INTO pedidos (id_pedido, id_cliente, direccion_pedido, estado_pedido, fecha_registro) VALUES (9, 109, 'Calle Norte 333', 'Finalizado', '2024-03-07'),
INSERT INTO pedidos (id_pedido, id_cliente, direccion_pedido, estado_pedido, fecha_registro) VALUES (10, 110, 'Avenida Sur 444', 'Entregado', '2024-03-07'),
INSERT INTO pedidos (id_pedido, id_cliente, direccion_pedido, estado_pedido, fecha_registro) VALUES (11, 111, 'Calle Este 555', 'Pendiente', '2024-03-07'),
INSERT INTO pedidos (id_pedido, id_cliente, direccion_pedido, estado_pedido, fecha_registro) VALUES (12, 112, 'Avenida Oeste 666', 'Finalizado', '2024-03-07'),
INSERT INTO pedidos (id_pedido, id_cliente, direccion_pedido, estado_pedido, fecha_registro) VALUES (13, 113, 'Calle Central 777', 'Entregado', '2024-03-07'),
INSERT INTO pedidos (id_pedido, id_cliente, direccion_pedido, estado_pedido, fecha_registro) VALUES (14, 114, 'Avenida Principal 888', 'Pendiente', '2024-03-07'),
INSERT INTO pedidos (id_pedido, id_cliente, direccion_pedido, estado_pedido, fecha_registro) VALUES (15, 115, 'Calle Norte 999', 'Finalizado', '2024-03-07'),
INSERT INTO pedidos (id_pedido, id_cliente, direccion_pedido, estado_pedido, fecha_registro) VALUES (16, 116, 'Avenida Sur 000', 'Entregado', '2024-03-07'),
INSERT INTO pedidos (id_pedido, id_cliente, direccion_pedido, estado_pedido, fecha_registro) VALUES (17, 117, 'Calle Este 001', 'Pendiente', '2024-03-07'),
INSERT INTO pedidos (id_pedido, id_cliente, direccion_pedido, estado_pedido, fecha_registro) VALUES (18, 118, 'Avenida Oeste 002', 'Finalizado', '2024-03-07'),
INSERT INTO pedidos (id_pedido, id_cliente, direccion_pedido, estado_pedido, fecha_registro) VALUES (19, 119, 'Calle Central 003', 'Entregado', '2024-03-07'),
INSERT INTO pedidos (id_pedido, id_cliente, direccion_pedido, estado_pedido, fecha_registro) VALUES (20, 120, 'Avenida Principal 004', 'Pendiente', '2024-03-07'),
INSERT INTO pedidos (id_pedido, id_cliente, direccion_pedido, estado_pedido, fecha_registro) VALUES (21, 121, 'Calle Norte 005', 'Finalizado', '2024-03-07'),
INSERT INTO pedidos (id_pedido, id_cliente, direccion_pedido, estado_pedido, fecha_registro) VALUES (22, 122, 'Avenida Sur 006', 'Entregado', '2024-03-07'),
INSERT INTO pedidos (id_pedido, id_cliente, direccion_pedido, estado_pedido, fecha_registro) VALUES (23, 123, 'Calle Este 007', 'Pendiente', '2024-03-07'),
INSERT INTO pedidos (id_pedido, id_cliente, direccion_pedido, estado_pedido, fecha_registro) VALUES (24, 124, 'Avenida Oeste 008', 'Finalizado', '2024-03-07'),
INSERT INTO pedidos (id_pedido, id_cliente, direccion_pedido, estado_pedido, fecha_registro) VALUES (25, 125, 'Calle Central 009', 'Entregado', '2024-03-07');

-- Tabla DetallePedidos --

INSERT INTO detalles_pedido (id_detalle, id_producto, cantidad_producto, precio_producto, id_pedido) VALUES (1, 1, 2, 49.99, 1),
INSERT INTO detalles_pedido (id_detalle, id_producto, cantidad_producto, precio_producto, id_pedido) VALUES (2, 2, 1, 149.99, 1),
INSERT INTO detalles_pedido (id_detalle, id_producto, cantidad_producto, precio_producto, id_pedido) VALUES (3, 3, 3, 199.99, 2),
INSERT INTO detalles_pedido (id_detalle, id_producto, cantidad_producto, precio_producto, id_pedido) VALUES (4, 4, 1, 129.99, 2),
INSERT INTO detalles_pedido (id_detalle, id_producto, cantidad_producto, precio_producto, id_pedido) VALUES (5, 5, 2, 549.99, 3),
INSERT INTO detalles_pedido (id_detalle, id_producto, cantidad_producto, precio_producto, id_pedido) VALUES (6, 6, 1, 59.99, 3),
INSERT INTO detalles_pedido (id_detalle, id_producto, cantidad_producto, precio_producto, id_pedido) VALUES (7, 7, 4, 14.99, 4),
INSERT INTO detalles_pedido (id_detalle, id_producto, cantidad_producto, precio_producto, id_pedido) VALUES (8, 8, 2, 119.99, 4),
INSERT INTO detalles_pedido (id_detalle, id_producto, cantidad_producto, precio_producto, id_pedido) VALUES (9, 9, 1, 699.99, 5),
INSERT INTO detalles_pedido (id_detalle, id_producto, cantidad_producto, precio_producto, id_pedido) VALUES (10, 10, 1, 899.99, 5),
INSERT INTO detalles_pedido (id_detalle, id_producto, cantidad_producto, precio_producto, id_pedido) VALUES (11, 11, 2, 599.99, 6),
INSERT INTO detalles_pedido (id_detalle, id_producto, cantidad_producto, precio_producto, id_pedido) VALUES (12, 12, 1, 79.99, 6),
INSERT INTO detalles_pedido (id_detalle, id_producto, cantidad_producto, precio_producto, id_pedido) VALUES (13, 13, 3, 129.99, 7),
INSERT INTO detalles_pedido (id_detalle, id_producto, cantidad_producto, precio_producto, id_pedido) VALUES (14, 14, 1, 799.99, 7),
INSERT INTO detalles_pedido (id_detalle, id_producto, cantidad_producto, precio_producto, id_pedido) VALUES (15, 15, 2, 899.99, 8),
INSERT INTO detalles_pedido (id_detalle, id_producto, cantidad_producto, precio_producto, id_pedido) VALUES (16, 16, 1, 499.99, 8),
INSERT INTO detalles_pedido (id_detalle, id_producto, cantidad_producto, precio_producto, id_pedido) VALUES (17, 17, 4, 149.99, 9),
INSERT INTO detalles_pedido (id_detalle, id_producto, cantidad_producto, precio_producto, id_pedido) VALUES (18, 18, 2, 79.99, 9),
INSERT INTO detalles_pedido (id_detalle, id_producto, cantidad_producto, precio_producto, id_pedido) VALUES (19, 19, 1, 449.99, 10),
INSERT INTO detalles_pedido (id_detalle, id_producto, cantidad_producto, precio_producto, id_pedido) VALUES (20, 20, 1, 59.99, 10),
INSERT INTO detalles_pedido (id_detalle, id_producto, cantidad_producto, precio_producto, id_pedido) VALUES (21, 21, 3, 799.99, 11),
INSERT INTO detalles_pedido (id_detalle, id_producto, cantidad_producto, precio_producto, id_pedido) VALUES (22, 22, 1, 129.99, 11),
INSERT INTO detalles_pedido (id_detalle, id_producto, cantidad_producto, precio_producto, id_pedido) VALUES (23, 23, 2, 159.99, 12),
INSERT INTO detalles_pedido (id_detalle, id_producto, cantidad_producto, precio_producto, id_pedido) VALUES (24, 24, 1, 799.99, 12),
INSERT INTO detalles_pedido (id_detalle, id_producto, cantidad_producto, precio_producto, id_pedido) VALUES (25, 25, 4, 129.99, 13);

-- Tabla Valoraciones --

INSERT INTO valoraciones (id_valoracion, id_detalle, calificacion_producto, fecha_valoracion, estado_comentario) VALUES (1, 1, 'Excelente producto, muy satisfecho', '2024-03-07', true),
INSERT INTO valoraciones (id_valoracion, id_detalle, calificacion_producto, fecha_valoracion, estado_comentario) VALUES(2, 2, 'Buen producto, pero llegó tarde', '2024-03-07', true),
INSERT INTO valoraciones (id_valoracion, id_detalle, calificacion_producto, fecha_valoracion, estado_comentario) VALUES(3, 3, 'Mala calidad, no lo recomiendo', '2024-03-07', true),
INSERT INTO valoraciones (id_valoracion, id_detalle, calificacion_producto, fecha_valoracion, estado_comentario) VALUES(4, 4, 'Producto cumple con lo esperado', '2024-03-07', true),
INSERT INTO valoraciones (id_valoracion, id_detalle, calificacion_producto, fecha_valoracion, estado_comentario) VALUES(5, 5, 'No era lo que esperaba, devolveré', '2024-03-07', true),
INSERT INTO valoraciones (id_valoracion, id_detalle, calificacion_producto, fecha_valoracion, estado_comentario) VALUES(6, 6, 'Genial, llegó antes de lo esperado', '2024-03-07', true),
INSERT INTO valoraciones (id_valoracion, id_detalle, calificacion_producto, fecha_valoracion, estado_comentario) VALUES(7, 7, 'El producto estaba dañado, decepcionado', '2024-03-07', true),
INSERT INTO valoraciones (id_valoracion, id_detalle, calificacion_producto, fecha_valoracion, estado_comentario) VALUES(8, 8, 'Muy buen servicio al cliente', '2024-03-07', true),
INSERT INTO valoraciones (id_valoracion, id_detalle, calificacion_producto, fecha_valoracion, estado_comentario) VALUES(9, 9, 'Producto en perfectas condiciones', '2024-03-07', true),
INSERT INTO valoraciones (id_valoracion, id_detalle, calificacion_producto, fecha_valoracion, estado_comentario) VALUES(10, 10, 'Entrega rápida y producto de calidad', '2024-03-07', true),
INSERT INTO valoraciones (id_valoracion, id_detalle, calificacion_producto, fecha_valoracion, estado_comentario) VALUES(11, 11, 'No he recibido el producto aún', '2024-03-07', false),
INSERT INTO valoraciones (id_valoracion, id_detalle, calificacion_producto, fecha_valoracion, estado_comentario) VALUES(12, 12, 'El producto no coincide con la descripción', '2024-03-07', true),
INSERT INTO valoraciones (id_valoracion, id_detalle, calificacion_producto, fecha_valoracion, estado_comentario) VALUES(13, 13, '¡Me encanta! Producto de alta calidad', '2024-03-07', true),
INSERT INTO valoraciones (id_valoracion, id_detalle, calificacion_producto, fecha_valoracion, estado_comentario) VALUES(14, 14, 'No puedo opinar, no ha llegado aún', '2024-03-07', false),
INSERT INTO valoraciones (id_valoracion, id_detalle, calificacion_producto, fecha_valoracion, estado_comentario) VALUES(15, 15, 'Buena relación calidad-precio', '2024-03-07', true),
INSERT INTO valoraciones (id_valoracion, id_detalle, calificacion_producto, fecha_valoracion, estado_comentario) VALUES(16, 16, 'Me encanta, lo recomiendo ampliamente', '2024-03-07', true),
INSERT INTO valoraciones (id_valoracion, id_detalle, calificacion_producto, fecha_valoracion, estado_comentario) VALUES(17, 17, 'Servicio de entrega deficiente', '2024-03-07', true),
INSERT INTO valoraciones (id_valoracion, id_detalle, calificacion_producto, fecha_valoracion, estado_comentario) VALUES(18, 18, 'Producto muy frágil, se rompió en el envío', '2024-03-07', true),
INSERT INTO valoraciones (id_valoracion, id_detalle, calificacion_producto, fecha_valoracion, estado_comentario) VALUES(19, 19, 'Genial, justo lo que necesitaba', '2024-03-07', true),
INSERT INTO valoraciones (id_valoracion, id_detalle, calificacion_producto, fecha_valoracion, estado_comentario) VALUES(20, 20, 'La entrega fue un desastre, el producto bien', '2024-03-07', true),
INSERT INTO valoraciones (id_valoracion, id_detalle, calificacion_producto, fecha_valoracion, estado_comentario) VALUES(21, 21, 'Muy malo, producto defectuoso', '2024-03-07', true),
INSERT INTO valoraciones (id_valoracion, id_detalle, calificacion_producto, fecha_valoracion, estado_comentario) VALUES(22, 22, 'Excelente atención al cliente', '2024-03-07', true),
INSERT INTO valoraciones (id_valoracion, id_detalle, calificacion_producto, fecha_valoracion, estado_comentario) VALUES(23, 23, 'Producto excelente, lo recomiendo', '2024-03-07', true),
INSERT INTO valoraciones (id_valoracion, id_detalle, calificacion_producto, fecha_valoracion, estado_comentario) VALUES(24, 24, 'Buen producto, entrega un poco lenta', '2024-03-07', true),
INSERT INTO valoraciones (id_valoracion, id_detalle, calificacion_producto, fecha_valoracion, estado_comentario) VALUES(25, 25, 'Buena experiencia de compra en general', '2024-03-07', TRUE);



